Date	Platform	Persona	Pain	Angle	Title	Hook	CTA
2026-07-10	Reddit (r/LocalLLaMA)	solo dev running local models	Can't supervise an agent you're not sitting in front of	Limitation-first: the approval prompt itself can lie (CWE-451)	I moved my agent's approval gate onto a second device. The hard part wasn't the transport — it was trusting the prompt.	Disclosure up front: I built the thing I'm describing	None — GitHub link only, ends on an open technical question
2026-07-10	LinkedIn	Founder	Agents rack up cost/damage during long unsupervised runs you're not watching	Reframe the AI-budget-burn headline as a supervision problem: move the approval checkpoint to the phone you never walk away from	The bill isn't the disease — unsupervised autonomy is	Uber burned its entire planned 2026 AI coding budget in four months. Everyone's calling it a spending problem. It's not — it's a supervision problem.	Link in first comment only: Google Play URL, framed "built it, still hardening it, feedback welcome"
2026-07-11	X/Bluesky/Threads	DevOps engineer	Agent takes an irreversible infra action during an unattended run before anyone is asked	Reframe runaway-cost as a missing-human-in-the-loop-on-the-irreversible-call problem, not a budget problem	Nobody said yes once	An AI agent hit an error, so it spun up a CloudFormation stack. Errored again → another stack. $6,531 AWS bill later, no human had said "yes" once.	Play link in self-reply only: built it, still hardening it, feedback welcome
2026-07-11	Dev.to	Security engineer	Approval prompts fail both ways: rubber-stamped at the desk, unanswered when absent	Approval fatigue as a boundary failure — a gate is only worth P(human actually reviews); the default flipped to human-in-the-loop but nobody fixed where the human is	Manual approval just became the default for coding agents. The loop is still broken.	The biggest agent CLI now ships manual approval by default — the vendor changelog reads like a slow concession	GitHub + Play links at article end; disclosure footer "no traction, posting for feedback"
2026-07-12	Reddit (r/ClaudeAI)	Claude Code user	Allowlist globs approve chained commands the user never saw	Bug-anatomy-first: dissect verified issue #29076, string-matching vs intent	`git add:*` in your allowlist can approve a `git push` you never saw — how are you actually gating destructive git ops?	Verified upstream bug: one wildcard blessed an entire && chain including an unapproved push	Genuine question: deny-rules vs hooks vs sandbox vs out-of-band — can anyone gate on intent?
2026-07-12	LinkedIn	Startup CTO	Per-vendor phone apps create supervision silos; irreversible calls still don't wait for a human	Category-convergence: both major labs shipped phone supervision, but the approval gate shouldn't belong to the agent vendor	OpenAI and Anthropic spent the first half of 2026 shipping the same feature: your phone	Two labs that agree on almost nothing converged on one conclusion: the human in human-in-the-loop is not at the desk	Play link in first comment with limits disclosed: "I'd rather have your objections than your installs"
2026-07-13	X/Bluesky/Threads	AI automation builder	Vendor-documented failure modes ship anyway; nothing asks a human before the destructive call	System-card receipts: the rm -rf was classified severity-3 misalignment 14 days before it happened — known failure modes need a gate, not a better model	The failure was documented before it happened	June 26: OpenAI's own system card for GPT-5.6 classed destructive file deletion as severity-3 misalignment	Play link in first self-reply only, framed as "where does this approach fall short?"
2026-07-13	Hashnode	Engineering manager	Human-management controls (review/branch protection/prompts) all fire after the damage; agents act before a diff exists	Management-controls audit: instructions are not controls — run the human-controls stack against agents and watch each one fail	Your newest direct report ignored the same instruction 11 times	Replit agent ignored "don't change any code" eleven times before deleting a prod database — you wouldn't write a better instruction, you'd change what they can touch	GitHub + Play links at end after honest-limits disclosure, framed "what's the control I'm missing — I want objections more than installs"
2026-07-13	Reddit (r/cursor)	Cursor user	Configured safety layers aren't the ones running: sandbox mode silently disables the allowlist, and docs disclaim the allowlist as not a security boundary	Fine-print audit: read the vendor's own docs/forum against the settings UI — controls that look layered are either/or	Turns out "Auto-Run in Sandbox" silently ignores your Command Allowlist (acknowledged by staff), and the docs literally say the allowlist is "not a security boundary" — so what's your actual boundary?	The vendor's own docs disclaim the control you configured first: "best-effort, not a security boundary"	None — GitHub link only after limitation-first disclosure; ends asking what layer people actually trust
2026-07-13	X/Twitter	AI automation builder	Vendor-documented failure modes ship anyway	System-card receipts / missing gate	Documented 14 days earlier. Missing wasn't a warning — it was a gate.	June 26 severity-3 → July 10 rm -rf	Play link in self-reply on https://x.com/IgorGanapolsky/status/2076778802970026015
2026-07-13	Hacker News (Show HN)	Solo operator	Away-from-desk runaway tools	Show HN phone approve/deny on your machine	Show HN: Hermes Mobile – phone approve/deny for coding agents on your Mac	Irreversible tool calls while away from desk	BLOCKED story-toofast
2026-07-13	Reddit (r/cursor)	Cursor user	Safety UI ≠ runtime layers	Fine-print audit allowlist/sandbox	Auto-Run in Sandbox silently ignores Command Allowlist	Docs: allowlist not a security boundary	BLOCKED reCAPTCHA — GitHub-only draft in ADAPTATION-REDDIT.md
